Month,Year,Region,Dengue_Cases
Jan,2008,Region.I,2.953926
Feb,2008,Region.I,2.183336
Mar,2008,Region.I,0.97241
Apr,2008,Region.I,9.357156
May,2008,Region.I,7.320599
Jun,2008,Region.I,4.513452
Jul,2008,Region.I,6.82522
Aug,2008,Region.I,9.210377
Sep,2008,Region.I,13.301839
Oct,2008,Region.I,1.724652
Nov,2008,Region.I,1.32101
Dec,2008,Region.I,1.0458
Jan,2009,Region.I,5.23598
Feb,2009,Region.I,3.719351
Mar,2009,Region.I,2.473549
Apr,2009,Region.I,3.051313
May,2009,Region.I,4.658217
Jun,2009,Region.I,6.644278
Jul,2009,Region.I,1.263857
Aug,2009,Region.I,1.516629
Sep,2009,Region.I,0.902755
Oct,2009,Region.I,4.333225
Nov,2009,Region.I,3.159643
Dec,2009,Region.I,2.166613
Jan,2010,Region.I,1.97192
Feb,2010,Region.I,3.197708
Mar,2010,Region.I,5.276218
Apr,2010,Region.I,0.657307
May,2010,Region.I,0.728367
Jun,2010,Region.I,0.604011
Jul,2010,Region.I,4.796562
Aug,2010,Region.I,3.286533
Sep,2010,Region.I,2.700287
Oct,2010,Region.I,1.954155
Nov,2010,Region.I,3.712894
Dec,2010,Region.I,4.672207
Jan,2011,Region.I,1.817482
Feb,2011,Region.I,2.149523
Mar,2011,Region.I,0.699032
Apr,2011,Region.I,5.40002
May,2011,Region.I,5.854391
Jun,2011,Region.I,3.914578
Jul,2011,Region.I,3.582538
Aug,2011,Region.I,5.819439
Sep,2011,Region.I,3.634965
Oct,2011,Region.I,3.827199
Nov,2011,Region.I,5.225262
Dec,2011,Region.I,1.800007
Jan,2012,Region.I,17.086037
Feb,2012,Region.I,15.006147
Mar,2012,Region.I,19.423764
Apr,2012,Region.I,5.792751
May,2012,Region.I,16.879767
Jun,2012,Region.I,7.013182
Jul,2012,Region.I,9.505612
Aug,2012,Region.I,12.616852
Sep,2012,Region.I,12.101177
Oct,2012,Region.I,54.695944
Nov,2012,Region.I,43.437037
Dec,2012,Region.I,61.932585
Jan,2013,Region.I,16.873577
Feb,2013,Region.I,36.012743
Mar,2013,Region.I,21.184961
Apr,2013,Region.I,15.284282
May,2013,Region.I,9.33288
Jun,2013,Region.I,27.592863
Jul,2013,Region.I,83.505606
Aug,2013,Region.I,35.539336
Sep,2013,Region.I,76.658112
Oct,2013,Region.I,23.771792
Nov,2013,Region.I,71.856413
Dec,2013,Region.I,29.587935
Jan,2014,Region.I,8.898958
Feb,2014,Region.I,5.173039
Mar,2014,Region.I,28.792703
Apr,2014,Region.I,33.16733
May,2014,Region.I,20.209783
Jun,2014,Region.I,47.605266
Jul,2014,Region.I,18.56306
Aug,2014,Region.I,59.348563
Sep,2014,Region.I,24.268373
Oct,2014,Region.I,5.22294
Nov,2014,Region.I,4.025323
Dec,2014,Region.I,10.745284
Jan,2015,Region.I,13.865062
Feb,2015,Region.I,13.53767
Mar,2015,Region.I,31.429657
Apr,2015,Region.I,13.455822
May,2015,Region.I,40.547531
Jun,2015,Region.I,13.324865
Jul,2015,Region.I,3.765011
Aug,2015,Region.I,1.735179
Sep,2015,Region.I,4.878145
Oct,2015,Region.I,7.660979
Nov,2015,Region.I,7.972001
Dec,2015,Region.I,18.415814
Jan,2016,Region.I,13.504792
Feb,2016,Region.I,27.912051
Mar,2016,Region.I,9.073028
Apr,2016,Region.I,2.481787
May,2016,Region.I,1.772705
Jun,2016,Region.I,3.738797
Jul,2016,Region.I,5.575964
Aug,2016,Region.I,4.641265
Sep,2016,Region.I,8.235022
Oct,2016,Region.I,8.073867
Nov,2016,Region.I,15.857655
Dec,2016,Region.I,3.593757
Jan,2008,Region.II,3.232928
Feb,2008,Region.II,2.297784
Mar,2008,Region.II,5.423838
Apr,2008,Region.II,13.733265
May,2008,Region.II,13.572955
Jun,2008,Region.II,16.164641
Jul,2008,Region.II,9.324727
Aug,2008,Region.II,11.408763
Sep,2008,Region.II,18.115085
Oct,2008,Region.II,2.271065
Nov,2008,Region.II,1.629823
Dec,2008,Region.II,2.351221
Jan,2009,Region.II,6.231395
Feb,2009,Region.II,7.493449
Mar,2009,Region.II,10.753757
Apr,2009,Region.II,4.075385
May,2009,Region.II,7.493449
Jun,2009,Region.II,10.701171
Jul,2009,Region.II,1.130591
Aug,2009,Region.II,1.919375
Sep,2009,Region.II,1.998253
Oct,2009,Region.II,6.073638
Nov,2009,Region.II,5.758124
Dec,2009,Region.II,9.570581
Jan,2010,Region.II,2.483559
Feb,2010,Region.II,6.053674
Mar,2010,Region.II,5.74323
Apr,2010,Region.II,1.397002
May,2010,Region.II,1.526354
Jun,2010,Region.II,1.552224
Jul,2010,Region.II,7.217843
Aug,2010,Region.II,4.294487
Sep,2010,Region.II,12.288442
Oct,2010,Region.II,2.017891
Nov,2010,Region.II,5.458655
Dec,2010,Region.II,3.88056
Jan,2011,Region.II,0.814374
Feb,2011,Region.II,3.74103
Mar,2011,Region.II,1.88324
Apr,2011,Region.II,12.368304
May,2011,Region.II,5.344329
Jun,2011,Region.II,20.91923
Jul,2011,Region.II,2.112282
Aug,2011,Region.II,11.935668
Sep,2011,Region.II,2.49402
Oct,2011,Region.II,2.061384
Nov,2011,Region.II,7.507509
Dec,2011,Region.II,3.232046
Jan,2012,Region.II,24.506129
Feb,2012,Region.II,16.145509
Mar,2012,Region.II,57.648228
Apr,2012,Region.II,4.380564
May,2012,Region.II,30.363569
Jun,2012,Region.II,3.804833
Jul,2012,Region.II,3.929992
Aug,2012,Region.II,12.11539
Sep,2012,Region.II,16.821367
Oct,2012,Region.II,35.745406
Nov,2012,Region.II,35.520119
Dec,2012,Region.II,78.599841
Jan,2013,Region.II,7.435678
Feb,2013,Region.II,57.712682
Mar,2013,Region.II,9.036073
Apr,2013,Region.II,4.333375
May,2013,Region.II,9.553123
Jun,2013,Region.II,36.858313
Jul,2013,Region.II,43.309133
Aug,2013,Region.II,42.398139
Sep,2013,Region.II,72.928739
Oct,2013,Region.II,13.664905
Nov,2013,Region.II,85.855001
Dec,2013,Region.II,21.346798
Jan,2014,Region.II,3.851407
Feb,2014,Region.II,6.176785
Mar,2014,Region.II,43.89151
Apr,2014,Region.II,34.78378
May,2014,Region.II,25.361154
Jun,2014,Region.II,56.0513
Jul,2014,Region.II,14.703172
Aug,2014,Region.II,55.009724
Sep,2014,Region.II,11.869117
Oct,2014,Region.II,3.681849
Nov,2014,Region.II,4.77187
Dec,2014,Region.II,20.27439
Jan,2015,Region.II,24.076689
Feb,2015,Region.II,19.404381
Mar,2015,Region.II,36.901697
Apr,2015,Region.II,14.016924
May,2015,Region.II,44.100866
Jun,2015,Region.II,6.007253
Jul,2015,Region.II,2.979788
Aug,2015,Region.II,3.027465
Sep,2015,Region.II,10.369663
Oct,2015,Region.II,21.192254
Nov,2015,Region.II,15.280354
Dec,2015,Region.II,16.114695
Jan,2016,Region.II,12.133091
Feb,2016,Region.II,22.177507
Mar,2016,Region.II,4.036541
Apr,2016,Region.II,0.586707
May,2016,Region.II,1.267286
Jun,2016,Region.II,5.256891
Jul,2016,Region.II,9.974011
Aug,2016,Region.II,4.928335
Sep,2016,Region.II,7.69759
Oct,2016,Region.II,8.190423
Nov,2016,Region.II,2.792723
Dec,2016,Region.II,1.149945
Jan,2008,Region.III,5.836376
Feb,2008,Region.III,2.581158
Mar,2008,Region.III,2.811325
Apr,2008,Region.III,16.054144
May,2008,Region.III,20.599942
Jun,2008,Region.III,7.759914
Jul,2008,Region.III,12.478337
Aug,2008,Region.III,10.521918
Sep,2008,Region.III,17.640652
Oct,2008,Region.III,3.96216
Nov,2008,Region.III,0.830245
Dec,2008,Region.III,1.578288
Jan,2009,Region.III,9.529202
Feb,2009,Region.III,12.295744
Mar,2009,Region.III,5.70296
Apr,2009,Region.III,4.238796
May,2009,Region.III,8.129752
Jun,2009,Region.III,14.180552
Jul,2009,Region.III,2.224559
Aug,2009,Region.III,0.444912
Sep,2009,Region.III,1.04352
Oct,2009,Region.III,7.037696
Nov,2009,Region.III,8.137841
Dec,2009,Region.III,3.858599
Jan,2010,Region.III,2.284333
Feb,2010,Region.III,5.85808
Mar,2010,Region.III,7.298722
Apr,2010,Region.III,1.727179
May,2010,Region.III,0.596951
Jun,2010,Region.III,0.85961
Jul,2010,Region.III,4.218454
Aug,2010,Region.III,5.332763
Sep,2010,Region.III,3.072308
Oct,2010,Region.III,1.520235
Nov,2010,Region.III,4.130902
Dec,2010,Region.III,4.250292
Jan,2011,Region.III,1.941779
Feb,2011,Region.III,0.939571
Mar,2011,Region.III,0.767316
Apr,2011,Region.III,3.609517
May,2011,Region.III,5.40253
Jun,2011,Region.III,3.648665
Jul,2011,Region.III,1.518972
Aug,2011,Region.III,3.664325
Sep,2011,Region.III,2.341097
Oct,2011,Region.III,5.488658
Nov,2011,Region.III,2.505521
Dec,2011,Region.III,1.315399
Jan,2012,Region.III,8.240433
Feb,2012,Region.III,12.99986
Mar,2012,Region.III,9.71909
Apr,2012,Region.III,2.849495
May,2012,Region.III,6.315098
Jun,2012,Region.III,3.519512
Jul,2012,Region.III,9.557362
Aug,2012,Region.III,2.926509
Sep,2012,Region.III,6.715568
Oct,2012,Region.III,26.153747
Nov,2012,Region.III,37.605638
Dec,2012,Region.III,21.894907
Jan,2013,Region.III,6.090374
Feb,2013,Region.III,22.952528
Mar,2013,Region.III,12.248924
Apr,2013,Region.III,9.082535
May,2013,Region.III,3.007311
Jun,2013,Region.III,18.793803
Jul,2013,Region.III,56.707138
Aug,2013,Region.III,39.18595
Sep,2013,Region.III,23.10403
Oct,2013,Region.III,12.604953
Nov,2013,Region.III,44.829394
Dec,2013,Region.III,25.11143
Jan,2014,Region.III,6.491048
Feb,2014,Region.III,2.585986
Mar,2014,Region.III,19.137785
Apr,2014,Region.III,35.287154
May,2014,Region.III,27.670792
Jun,2014,Region.III,24.466257
Jul,2014,Region.III,16.194083
Aug,2014,Region.III,51.734619
Sep,2014,Region.III,24.898496
Oct,2014,Region.III,4.501255
Nov,2014,Region.III,2.399675
Dec,2014,Region.III,9.785012
Jan,2015,Region.III,17.330592
Feb,2015,Region.III,22.053783
Mar,2015,Region.III,19.772863
Apr,2015,Region.III,18.408711
May,2015,Region.III,54.199353
Jun,2015,Region.III,19.934214
Jul,2015,Region.III,2.207579
Aug,2015,Region.III,2.398266
Sep,2015,Region.III,9.160351
Oct,2015,Region.III,10.898544
Nov,2015,Region.III,16.626513
Dec,2015,Region.III,18.284031
Jan,2016,Region.III,19.891922
Feb,2016,Region.III,41.690003
Mar,2016,Region.III,16.657229
Apr,2016,Region.III,2.231072
May,2016,Region.III,1.256332
Jun,2016,Region.III,8.592155
Jul,2016,Region.III,9.747403
Aug,2016,Region.III,8.931509
Sep,2016,Region.III,14.5128
Oct,2016,Region.III,10.693262
Nov,2016,Region.III,22.852245
Dec,2016,Region.III,14.317852
Jan,2008,Region.IV.A,5.815181
Feb,2008,Region.IV.A,2.155903
Mar,2008,Region.IV.A,5.07309
Apr,2008,Region.IV.A,12.302083
May,2008,Region.IV.A,8.885904
Jun,2008,Region.IV.A,10.293319
Jul,2008,Region.IV.A,8.163005
Aug,2008,Region.IV.A,12.353262
Sep,2008,Region.IV.A,19.652626
Oct,2008,Region.IV.A,3.339411
Nov,2008,Region.IV.A,2.040751
Dec,2008,Region.IV.A,3.428974
Jan,2009,Region.IV.A,6.817955
Feb,2009,Region.IV.A,6.723524
Mar,2009,Region.IV.A,7.711907
Apr,2009,Region.IV.A,3.519148
May,2009,Region.IV.A,8.933221
Jun,2009,Region.IV.A,13.088208
Jul,2009,Region.IV.A,2.215993
Aug,2009,Region.IV.A,2.052312
Sep,2009,Region.IV.A,3.04699
Oct,2009,Region.IV.A,4.847484
Nov,2009,Region.IV.A,5.5148
Dec,2009,Region.IV.A,5.835867
Jan,2010,Region.IV.A,2.434358
Feb,2010,Region.IV.A,5.915553
Mar,2010,Region.IV.A,8.70918
Apr,2010,Region.IV.A,1.375134
May,2010,Region.IV.A,1.573351
Jun,2010,Region.IV.A,2.050312
Jul,2010,Region.IV.A,2.620187
Aug,2010,Region.IV.A,4.874911
Sep,2010,Region.IV.A,5.45098
Oct,2010,Region.IV.A,1.548574
Nov,2010,Region.IV.A,3.846658
Dec,2010,Region.IV.A,5.14746
Jan,2011,Region.IV.A,0.95667
Feb,2011,Region.IV.A,1.596481
Mar,2011,Region.IV.A,3.308738
Apr,2011,Region.IV.A,2.157078
May,2011,Region.IV.A,6.62357
Jun,2011,Region.IV.A,6.763719
Jul,2011,Region.IV.A,1.730537
Aug,2011,Region.IV.A,3.448887
Sep,2011,Region.IV.A,3.863241
Oct,2011,Region.IV.A,1.578201
Nov,2011,Region.IV.A,5.008808
Dec,2011,Region.IV.A,4.308062
Jan,2012,Region.IV.A,4.62099
Feb,2012,Region.IV.A,14.246555
Mar,2012,Region.IV.A,17.548975
Apr,2012,Region.IV.A,2.24157
May,2012,Region.IV.A,5.777736
Jun,2012,Region.IV.A,5.430113
Jul,2012,Region.IV.A,1.857986
Aug,2012,Region.IV.A,7.389989
Sep,2012,Region.IV.A,15.073659
Oct,2012,Region.IV.A,12.028959
Nov,2012,Region.IV.A,27.588092
Dec,2012,Region.IV.A,34.450652
Jan,2013,Region.IV.A,5.028649
Feb,2013,Region.IV.A,14.41389
Mar,2013,Region.IV.A,12.645314
Apr,2013,Region.IV.A,3.207017
May,2013,Region.IV.A,6.496567
Jun,2013,Region.IV.A,36.397282
Jul,2013,Region.IV.A,24.960494
Aug,2013,Region.IV.A,31.669291
Sep,2013,Region.IV.A,31.280204
Oct,2013,Region.IV.A,12.668895
Nov,2013,Region.IV.A,25.591286
Dec,2013,Region.IV.A,21.56483
Jan,2014,Region.IV.A,1.832729
Feb,2014,Region.IV.A,5.596782
Mar,2014,Region.IV.A,36.202192
Apr,2014,Region.IV.A,15.16641
May,2014,Region.IV.A,29.074269
Jun,2014,Region.IV.A,22.938108
Jul,2014,Region.IV.A,14.110851
Aug,2014,Region.IV.A,37.048959
Sep,2014,Region.IV.A,20.345609
Oct,2014,Region.IV.A,1.357147
Nov,2014,Region.IV.A,4.558623
Dec,2014,Region.IV.A,19.951224
Jan,2015,Region.IV.A,8.76138
Feb,2015,Region.IV.A,20.998772
Mar,2015,Region.IV.A,16.489658
Apr,2015,Region.IV.A,16.238518
May,2015,Region.IV.A,48.116241
Jun,2015,Region.IV.A,15.713406
Jul,2015,Region.IV.A,1.369857
Aug,2015,Region.IV.A,3.184918
Sep,2015,Region.IV.A,10.422332
Oct,2015,Region.IV.A,6.655224
Nov,2015,Region.IV.A,13.436018
Dec,2015,Region.IV.A,13.082138
Jan,2016,Region.IV.A,14.45242
Feb,2016,Region.IV.A,32.186415
Mar,2016,Region.IV.A,11.97438
Apr,2016,Region.IV.A,0.65182
May,2016,Region.IV.A,1.410403
Jun,2016,Region.IV.A,7.080112
Jul,2016,Region.IV.A,3.854728
Aug,2016,Region.IV.A,6.956491
Sep,2016,Region.IV.A,7.585835
Oct,2016,Region.IV.A,6.310291
Nov,2016,Region.IV.A,12.614962
Dec,2016,Region.IV.A,8.237654
Jan,2008,Region.IV.B,1.213633
Feb,2008,Region.IV.B,0.24895
Mar,2008,Region.IV.B,1.213633
Apr,2008,Region.IV.B,3.454186
May,2008,Region.IV.B,2.427266
Jun,2008,Region.IV.B,7.592986
Jul,2008,Region.IV.B,7.904174
Aug,2008,Region.IV.B,3.329711
Sep,2008,Region.IV.B,6.97061
Oct,2008,Region.IV.B,1.089158
Nov,2008,Region.IV.B,0.093356
Dec,2008,Region.IV.B,1.306989
Jan,2009,Region.IV.B,3.491033
Feb,2009,Region.IV.B,1.653647
Mar,2009,Region.IV.B,7.502659
Apr,2009,Region.IV.B,5.573404
May,2009,Region.IV.B,3.85851
Jun,2009,Region.IV.B,6.43085
Jul,2009,Region.IV.B,0.367477
Aug,2009,Region.IV.B,0.183739
Sep,2009,Region.IV.B,1.194301
Oct,2009,Region.IV.B,1.68427
Nov,2009,Region.IV.B,2.051748
Dec,2009,Region.IV.B,6.216489
Jan,2010,Region.IV.B,2.741933
Feb,2010,Region.IV.B,3.495211
Mar,2010,Region.IV.B,7.562913
Apr,2010,Region.IV.B,0.180787
May,2010,Region.IV.B,0.120525
Jun,2010,Region.IV.B,0.994327
Jul,2010,Region.IV.B,1.386032
Aug,2010,Region.IV.B,1.898261
Sep,2010,Region.IV.B,4.308751
Oct,2010,Region.IV.B,2.922719
Nov,2010,Region.IV.B,2.048917
Dec,2010,Region.IV.B,5.935832
Jan,2011,Region.IV.B,0.889216
Feb,2011,Region.IV.B,0.296405
Mar,2011,Region.IV.B,1.570948
Apr,2011,Region.IV.B,1.185621
May,2011,Region.IV.B,2.104478
Jun,2011,Region.IV.B,10.848433
Jul,2011,Region.IV.B,3.764347
Aug,2011,Region.IV.B,3.290099
Sep,2011,Region.IV.B,5.157452
Oct,2011,Region.IV.B,0.800294
Nov,2011,Region.IV.B,0.53353
Dec,2011,Region.IV.B,2.934412
Jan,2012,Region.IV.B,3.323602
Feb,2012,Region.IV.B,4.63555
Mar,2012,Region.IV.B,28.046533
Apr,2012,Region.IV.B,4.664704
May,2012,Region.IV.B,7.696762
Jun,2012,Region.IV.B,8.892092
Jul,2012,Region.IV.B,1.253639
Aug,2012,Region.IV.B,0.874632
Sep,2012,Region.IV.B,10.524738
Oct,2012,Region.IV.B,10.233194
Nov,2012,Region.IV.B,8.979555
Dec,2012,Region.IV.B,34.314729
Jan,2013,Region.IV.B,7.169119
Feb,2013,Region.IV.B,17.320591
Mar,2013,Region.IV.B,19.729415
Apr,2013,Region.IV.B,0.745588
May,2013,Region.IV.B,0.630882
Jun,2013,Region.IV.B,29.536769
Jul,2013,Region.IV.B,9.778678
Aug,2013,Region.IV.B,11.585296
Sep,2013,Region.IV.B,25.579415
Oct,2013,Region.IV.B,14.166178
Nov,2013,Region.IV.B,21.134562
Dec,2013,Region.IV.B,24.977209
Jan,2014,Region.IV.B,0.677089
Feb,2014,Region.IV.B,1.10027
Mar,2014,Region.IV.B,10.269182
Apr,2014,Region.IV.B,6.319497
May,2014,Region.IV.B,11.820845
Jun,2014,Region.IV.B,13.541779
Jul,2014,Region.IV.B,8.463612
Aug,2014,Region.IV.B,20.566577
Sep,2014,Region.IV.B,13.118598
Oct,2014,Region.IV.B,0.28212
Nov,2014,Region.IV.B,0.366757
Dec,2014,Region.IV.B,3.0469
Jan,2015,Region.IV.B,2.915257
Feb,2015,Region.IV.B,9.384351
Mar,2015,Region.IV.B,5.9971
Apr,2015,Region.IV.B,7.662961
May,2015,Region.IV.B,11.438912
Jun,2015,Region.IV.B,8.495891
Jul,2015,Region.IV.B,0.388701
Aug,2015,Region.IV.B,0.388701
Sep,2015,Region.IV.B,1.360453
Oct,2015,Region.IV.B,1.749154
Nov,2015,Region.IV.B,7.440846
Dec,2015,Region.IV.B,3.692659
Jan,2016,Region.IV.B,6.478006
Feb,2016,Region.IV.B,6.204673
Mar,2016,Region.IV.B,6.314006
Apr,2016,Region.IV.B,0.191334
May,2016,Region.IV.B,0.109333
Jun,2016,Region.IV.B,0.683334
Jul,2016,Region.IV.B,0.437334
Aug,2016,Region.IV.B,3.198003
Sep,2016,Region.IV.B,1.284668
Oct,2016,Region.IV.B,3.362003
Nov,2016,Region.IV.B,3.58067
Dec,2016,Region.IV.B,4.045337
Jan,2008,Region.V,3.404328
Feb,2008,Region.V,1.498921
Mar,2008,Region.V,2.845408
Apr,2008,Region.V,3.074057
May,2008,Region.V,4.268113
Jun,2008,Region.V,6.554602
Jul,2008,Region.V,2.311894
Aug,2008,Region.V,3.048652
Sep,2008,Region.V,6.122709
Oct,2008,Region.V,2.972436
Nov,2008,Region.V,1.422704
Dec,2008,Region.V,2.261084
Jan,2009,Region.V,1.950058
Feb,2009,Region.V,2.950087
Mar,2009,Region.V,4.975147
Apr,2009,Region.V,1.300038
May,2009,Region.V,2.175064
Jun,2009,Region.V,4.050119
Jul,2009,Region.V,1.200035
Aug,2009,Region.V,1.050031
Sep,2009,Region.V,1.800053
Oct,2009,Region.V,1.02503
Nov,2009,Region.V,4.150122
Dec,2009,Region.V,4.650137
Jan,2010,Region.V,0.983964
Feb,2010,Region.V,1.475946
Mar,2010,Region.V,3.099486
Apr,2010,Region.V,1.598941
May,2010,Region.V,0.762572
Jun,2010,Region.V,1.402148
Jul,2010,Region.V,1.106959
Aug,2010,Region.V,3.247081
Sep,2010,Region.V,2.509108
Oct,2010,Region.V,1.279153
Nov,2010,Region.V,1.106959
Dec,2010,Region.V,2.533707
Jan,2011,Region.V,0.895347
Feb,2011,Region.V,2.323063
Mar,2011,Region.V,2.20207
Apr,2011,Region.V,1.548709
May,2011,Region.V,6.340026
Jun,2011,Region.V,3.968566
Jul,2011,Region.V,1.572907
Aug,2011,Region.V,1.621304
Sep,2011,Region.V,2.081077
Oct,2011,Region.V,0.895347
Nov,2011,Region.V,3.436197
Dec,2011,Region.V,3.702382
Jan,2012,Region.V,2.713393
Feb,2012,Region.V,11.020183
Mar,2012,Region.V,6.950094
Apr,2012,Region.V,1.451903
May,2012,Region.V,2.380169
Jun,2012,Region.V,3.09422
Jul,2012,Region.V,1.11868
Aug,2012,Region.V,3.665461
Sep,2012,Region.V,9.044643
Oct,2012,Region.V,4.403313
Nov,2012,Region.V,13.352749
Dec,2012,Region.V,12.257871
Jan,2013,Region.V,3.628785
Feb,2013,Region.V,5.080299
Mar,2013,Region.V,5.24418
Apr,2013,Region.V,1.24081
May,2013,Region.V,4.050192
Jun,2013,Region.V,20.883073
Jul,2013,Region.V,7.398039
Aug,2013,Region.V,11.448232
Sep,2013,Region.V,11.658935
Oct,2013,Region.V,11.401409
Nov,2013,Region.V,8.498381
Dec,2013,Region.V,9.458253
Jan,2014,Region.V,0.7831
Feb,2014,Region.V,3.316659
Mar,2014,Region.V,20.406664
Apr,2014,Region.V,5.87325
May,2014,Region.V,8.982617
Jun,2014,Region.V,6.587253
Jul,2014,Region.V,10.1803
Aug,2014,Region.V,6.402994
Sep,2014,Region.V,8.752294
Oct,2014,Region.V,0.621874
Nov,2014,Region.V,2.763882
Dec,2014,Region.V,7.278223
Jan,2015,Region.V,4.238702
Feb,2015,Region.V,8.477404
Mar,2015,Region.V,5.032042
Apr,2015,Region.V,9.089409
May,2015,Region.V,6.029383
Jun,2015,Region.V,6.05205
Jul,2015,Region.V,0.589338
Aug,2015,Region.V,2.312019
Sep,2015,Region.V,3.876032
Oct,2015,Region.V,3.762698
Nov,2015,Region.V,7.185393
Dec,2015,Region.V,3.649364
Jan,2016,Region.V,7.743303
Feb,2016,Region.V,5.377913
Mar,2016,Region.V,6.002733
Apr,2016,Region.V,0.557875
May,2016,Region.V,2.097609
Jun,2016,Region.V,2.410019
Jul,2016,Region.V,3.191044
Aug,2016,Region.V,7.520153
Sep,2016,Region.V,2.008349
Oct,2016,Region.V,3.034839
Nov,2016,Region.V,3.793549
Dec,2016,Region.V,4.061329
Jan,2008,Region.VI,4.342776
Feb,2008,Region.VI,2.227064
Mar,2008,Region.VI,6.935715
Apr,2008,Region.VI,4.931357
May,2008,Region.VI,3.197428
Jun,2008,Region.VI,15.668989
Jul,2008,Region.VI,7.30159
Aug,2008,Region.VI,5.169971
Sep,2008,Region.VI,15.716712
Oct,2008,Region.VI,3.308782
Nov,2008,Region.VI,1.511222
Dec,2008,Region.VI,6.140335
Jan,2009,Region.VI,3.53785
Feb,2009,Region.VI,3.929205
Mar,2009,Region.VI,14.323597
Apr,2009,Region.VI,5.056308
May,2009,Region.VI,4.273598
Jun,2009,Region.VI,11.051869
Jul,2009,Region.VI,2.019392
Aug,2009,Region.VI,2.833411
Sep,2009,Region.VI,5.181542
Oct,2009,Region.VI,3.35
Nov,2009,Region.VI,4.61799
Dec,2009,Region.VI,14.448831
Jan,2010,Region.VI,4.220344
Feb,2010,Region.VI,3.773666
Mar,2010,Region.VI,10.212001
Apr,2010,Region.VI,2.233394
May,2010,Region.VI,2.680073
Jun,2010,Region.VI,4.020109
Jul,2010,Region.VI,2.387421
Aug,2010,Region.VI,6.00706
Sep,2010,Region.VI,13.862445
Oct,2010,Region.VI,3.311584
Nov,2010,Region.VI,3.311584
Dec,2010,Region.VI,9.210825
Jan,2011,Region.VI,1.893991
Feb,2011,Region.VI,5.924404
Mar,2011,Region.VI,8.045674
Apr,2011,Region.VI,2.894018
May,2011,Region.VI,10.697261
Jun,2011,Region.VI,25.318872
Jul,2011,Region.VI,5.197111
Aug,2011,Region.VI,3.681919
Sep,2011,Region.VI,10.818477
Oct,2011,Region.VI,4.272844
Nov,2011,Region.VI,12.409429
Dec,2011,Region.VI,17.788364
Jan,2012,Region.VI,4.009021
Feb,2012,Region.VI,25.156978
Mar,2012,Region.VI,69.44995
Apr,2012,Region.VI,11.878028
May,2012,Region.VI,6.393568
Jun,2012,Region.VI,21.460929
Jul,2012,Region.VI,5.48446
Aug,2012,Region.VI,18.226886
Sep,2012,Region.VI,76.156491
Oct,2012,Region.VI,5.976273
Nov,2012,Region.VI,35.783118
Dec,2012,Region.VI,90.851266
Jan,2013,Region.VI,22.941512
Feb,2013,Region.VI,19.775144
Mar,2013,Region.VI,70.774199
Apr,2013,Region.VI,3.13705
May,2013,Region.VI,11.507404
Jun,2013,Region.VI,147.324089
Jul,2013,Region.VI,7.44683
Aug,2013,Region.VI,28.878453
Sep,2013,Region.VI,45.369956
Oct,2013,Region.VI,25.975949
Nov,2013,Region.VI,26.342427
Dec,2013,Region.VI,115.850973
Jan,2014,Region.VI,2.394002
Feb,2014,Region.VI,7.109898
Mar,2014,Region.VI,89.270327
Apr,2014,Region.VI,4.932222
May,2014,Region.VI,18.012704
Jun,2014,Region.VI,21.502756
Jul,2014,Region.VI,16.772438
Aug,2014,Region.VI,26.218652
Sep,2014,Region.VI,70.017357
Oct,2014,Region.VI,1.730604
Nov,2014,Region.VI,7.268537
Dec,2014,Region.VI,27.386809
Jan,2015,Region.VI,3.406283
Feb,2015,Region.VI,14.292196
Mar,2015,Region.VI,13.000647
Apr,2015,Region.VI,10.261428
May,2015,Region.VI,22.722747
Jun,2015,Region.VI,28.144414
Jul,2015,Region.VI,1.816684
Aug,2015,Region.VI,2.937919
Sep,2015,Region.VI,9.693714
Oct,2015,Region.VI,2.824376
Nov,2015,Region.VI,13.085804
Dec,2015,Region.VI,6.613866
Jan,2016,Region.VI,7.852561
Feb,2016,Region.VI,17.591413
Mar,2016,Region.VI,14.908687
Apr,2016,Region.VI,1.229582
May,2016,Region.VI,3.199709
Jun,2016,Region.VI,4.876412
Jul,2016,Region.VI,2.109852
Aug,2016,Region.VI,11.178022
Sep,2016,Region.VI,4.792577
Oct,2016,Region.VI,4.093951
Nov,2016,Region.VI,11.16405
Dec,2016,Region.VI,8.411462
Jan,2008,Region.VII,16.333128
Feb,2008,Region.VII,7.002854
Mar,2008,Region.VII,16.559691
Apr,2008,Region.VII,13.099457
May,2008,Region.VII,12.357979
Jun,2008,Region.VII,43.438294
Jul,2008,Region.VII,13.38781
Aug,2008,Region.VII,15.838809
Sep,2008,Region.VII,35.632171
Oct,2008,Region.VII,9.906979
Nov,2008,Region.VII,5.56109
Dec,2008,Region.VII,13.51139
Jan,2009,Region.VII,11.431455
Feb,2009,Region.VII,12.627299
Mar,2009,Region.VII,32.8553
Apr,2009,Region.VII,8.431712
May,2009,Region.VII,10.418028
Jun,2009,Region.VII,24.666811
Jul,2009,Region.VII,4.864449
Aug,2009,Region.VII,5.249551
Sep,2009,Region.VII,9.830241
Oct,2009,Region.VII,9.262722
Nov,2009,Region.VII,14.309588
Dec,2009,Region.VII,27.828702
Jan,2010,Region.VII,5.344702
Feb,2010,Region.VII,8.575455
Mar,2010,Region.VII,27.162256
Apr,2010,Region.VII,4.287728
May,2010,Region.VII,4.02847
Jun,2010,Region.VII,6.042705
Jul,2010,Region.VII,5.584017
Aug,2010,Region.VII,14.578274
Sep,2010,Region.VII,15.23639
Oct,2010,Region.VII,3.829041
Nov,2010,Region.VII,4.886015
Dec,2010,Region.VII,18.945773
Jan,2011,Region.VII,4.002115
Feb,2011,Region.VII,4.590661
Mar,2011,Region.VII,7.964993
Apr,2011,Region.VII,4.610279
May,2011,Region.VII,18.244935
Jun,2011,Region.VII,13.948547
Jul,2011,Region.VII,5.296917
Aug,2011,Region.VII,3.904024
Sep,2011,Region.VII,12.830309
Oct,2011,Region.VII,5.650044
Nov,2011,Region.VII,10.122996
Dec,2011,Region.VII,8.514303
Jan,2012,Region.VII,4.882002
Feb,2012,Region.VII,31.568994
Mar,2012,Region.VII,16.556355
Apr,2012,Region.VII,7.294059
May,2012,Region.VII,6.155568
Jun,2012,Region.VII,17.443992
Jul,2012,Region.VII,6.059086
Aug,2012,Region.VII,13.951334
Sep,2012,Region.VII,26.841364
Oct,2012,Region.VII,7.911545
Nov,2012,Region.VII,42.297821
Dec,2012,Region.VII,39.75069
Jan,2013,Region.VII,10.55295
Feb,2013,Region.VII,12.792605
Mar,2013,Region.VII,45.153719
Apr,2013,Region.VII,5.750978
May,2013,Region.VII,23.459435
Jun,2013,Region.VII,65.272652
Jul,2013,Region.VII,10.837652
Aug,2013,Region.VII,53.144352
Sep,2013,Region.VII,41.054012
Oct,2013,Region.VII,14.424896
Nov,2013,Region.VII,26.477275
Dec,2013,Region.VII,94.369185
Jan,2014,Region.VII,4.462783
Feb,2014,Region.VII,23.434277
Mar,2014,Region.VII,77.697234
Apr,2014,Region.VII,11.48373
May,2014,Region.VII,42.144354
Jun,2014,Region.VII,33.741625
Jul,2014,Region.VII,16.114567
Aug,2014,Region.VII,41.192045
Sep,2014,Region.VII,68.09945
Oct,2014,Region.VII,4.630837
Nov,2014,Region.VII,16.973513
Dec,2014,Region.VII,34.413843
Jan,2015,Region.VII,8.489907
Feb,2015,Region.VII,41.493959
Mar,2015,Region.VII,19.7179
Apr,2015,Region.VII,14.370361
May,2015,Region.VII,57.775468
Jun,2015,Region.VII,75.986501
Jul,2015,Region.VII,1.819266
Aug,2015,Region.VII,11.613898
Sep,2015,Region.VII,17.788376
Oct,2015,Region.VII,8.875811
Nov,2015,Region.VII,46.731239
Dec,2015,Region.VII,13.690434
Jan,2016,Region.VII,16.499137
Feb,2016,Region.VII,49.82305
Mar,2016,Region.VII,72.835004
Apr,2016,Region.VII,0.018091
May,2016,Region.VII,8.937032
Jun,2016,Region.VII,8.539027
Jul,2016,Region.VII,7.363101
Aug,2016,Region.VII,34.680751
Sep,2016,Region.VII,10.293869
Oct,2016,Region.VII,9.389311
Nov,2016,Region.VII,32.093715
Dec,2016,Region.VII,54.562934
Jan,2008,Region.VIII,2.609934
Feb,2008,Region.VIII,1.221022
Mar,2008,Region.VIII,9.752912
Apr,2008,Region.VIII,2.777825
May,2008,Region.VIII,0.702088
Jun,2008,Region.VIII,8.63873
Jul,2008,Region.VIII,11.00446
Aug,2008,Region.VIII,2.304679
Sep,2008,Region.VIII,7.387183
Oct,2008,Region.VIII,1.633117
Nov,2008,Region.VIII,1.007343
Dec,2008,Region.VIII,9.569759
Jan,2009,Region.VIII,1.757299
Feb,2009,Region.VIII,0.660864
Mar,2009,Region.VIII,7.840256
Apr,2009,Region.VIII,8.771474
May,2009,Region.VIII,2.403144
Jun,2009,Region.VIII,5.752525
Jul,2009,Region.VIII,1.6822
Aug,2009,Region.VIII,0.525688
Sep,2009,Region.VIII,9.462378
Oct,2009,Region.VIII,1.486945
Nov,2009,Region.VIII,0.540707
Dec,2009,Region.VIII,5.54225
Jan,2010,Region.VIII,8.88179
Feb,2010,Region.VIII,1.965521
Mar,2010,Region.VIII,4.403949
Apr,2010,Region.VIII,0.871923
May,2010,Region.VIII,0.280789
Jun,2010,Region.VIII,5.275872
Jul,2010,Region.VIII,0.827588
Aug,2010,Region.VIII,0.798031
Sep,2010,Region.VIII,3.000006
Oct,2010,Region.VIII,5.896563
Nov,2010,Region.VIII,1.004928
Dec,2010,Region.VIII,3.783258
Jan,2011,Region.VIII,0.872264
Feb,2011,Region.VIII,0.610585
Mar,2011,Region.VIII,10.19095
Apr,2011,Region.VIII,0.872264
May,2011,Region.VIII,0.95949
Jun,2011,Region.VIII,3.736197
Jul,2011,Region.VIII,7.268866
Aug,2011,Region.VIII,0.63966
Sep,2011,Region.VIII,4.724763
Oct,2011,Region.VIII,1.788141
Nov,2011,Region.VIII,0.785038
Dec,2011,Region.VIII,16.543939
Jan,2012,Region.VIII,0.61487
Feb,2012,Region.VIII,1.687317
Mar,2012,Region.VIII,5.305041
Apr,2012,Region.VIII,6.734971
May,2012,Region.VIII,0.872257
Jun,2012,Region.VIII,6.74927
Jul,2012,Region.VIII,2.359385
Aug,2012,Region.VIII,0.672067
Sep,2012,Region.VIII,29.985633
Oct,2012,Region.VIII,0.443278
Nov,2012,Region.VIII,1.658719
Dec,2012,Region.VIII,7.807418
Jan,2013,Region.VIII,9.296895
Feb,2013,Region.VIII,2.503551
Mar,2013,Region.VIII,12.152068
Apr,2013,Region.VIII,0.829829
May,2013,Region.VIII,0.956413
Jun,2013,Region.VIII,36.217101
Jul,2013,Region.VIII,1.589333
Aug,2013,Region.VIII,3.375574
Sep,2013,Region.VIII,6.160423
Oct,2013,Region.VIII,8.171703
Nov,2013,Region.VIII,2.306643
Dec,2013,Region.VIII,12.644339
Jan,2014,Region.VIII,0.968597
Feb,2014,Region.VIII,1.90952
Mar,2014,Region.VIII,27.148397
Apr,2014,Region.VIII,0.982434
May,2014,Region.VIII,3.68067
Jun,2014,Region.VIII,1.923357
Jul,2014,Region.VIII,4.068108
Aug,2014,Region.VIII,2.130914
Sep,2014,Region.VIII,7.984009
Oct,2014,Region.VIII,0.193719
Nov,2014,Region.VIII,2.698235
Dec,2014,Region.VIII,9.796669
Jan,2015,Region.VIII,0.599171
Feb,2015,Region.VIII,4.030788
Mar,2015,Region.VIII,2.042629
Apr,2015,Region.VIII,2.560095
May,2015,Region.VIII,4.275903
Jun,2015,Region.VIII,5.024867
Jul,2015,Region.VIII,0
Aug,2015,Region.VIII,2.137952
Sep,2015,Region.VIII,5.596803
Oct,2015,Region.VIII,0.531084
Nov,2015,Region.VIII,3.772055
Dec,2015,Region.VIII,0.544701
Jan,2016,Region.VIII,2.547166
Feb,2016,Region.VIII,5.737827
Mar,2016,Region.VIII,4.12909
Apr,2016,Region.VIII,0
May,2016,Region.VIII,2.681228
Jun,2016,Region.VIII,2.372886
Jul,2016,Region.VIII,0.160874
Aug,2016,Region.VIII,1.474675
Sep,2016,Region.VIII,1.997515
Oct,2016,Region.VIII,0.656901
Nov,2016,Region.VIII,2.091357
Dec,2016,Region.VIII,2.667821
Jan,2008,Region.IX,3.925287
Feb,2008,Region.IX,2.243021
Mar,2008,Region.IX,5.067566
Apr,2008,Region.IX,2.222252
May,2008,Region.IX,6.189076
Jun,2008,Region.IX,12.461227
Jul,2008,Region.IX,8.286716
Aug,2008,Region.IX,9.948213
Sep,2008,Region.IX,12.668915
Oct,2008,Region.IX,4.984491
Nov,2008,Region.IX,1.536885
Dec,2008,Region.IX,4.589885
Jan,2009,Region.IX,2.391232
Feb,2009,Region.IX,4.864216
Mar,2009,Region.IX,12.916741
Apr,2009,Region.IX,6.110927
May,2009,Region.IX,9.176609
Jun,2009,Region.IX,9.197047
Jul,2009,Region.IX,5.804358
Aug,2009,Region.IX,2.186853
Sep,2009,Region.IX,5.272973
Oct,2009,Region.IX,2.6978
Nov,2009,Region.IX,6.151802
Dec,2009,Region.IX,14.837902
Jan,2010,Region.IX,4.946947
Feb,2010,Region.IX,8.345459
Mar,2010,Region.IX,8.606883
Apr,2010,Region.IX,5.127933
May,2010,Region.IX,2.091392
Jun,2010,Region.IX,3.981689
Jul,2010,Region.IX,2.091392
Aug,2010,Region.IX,7.038339
Sep,2010,Region.IX,12.447806
Oct,2010,Region.IX,6.656258
Nov,2010,Region.IX,5.650781
Dec,2010,Region.IX,6.515491
Jan,2011,Region.IX,5.677467
Feb,2011,Region.IX,2.927753
Mar,2011,Region.IX,5.934635
Apr,2011,Region.IX,2.176033
May,2011,Region.IX,11.69123
Jun,2011,Region.IX,14.440945
Jul,2011,Region.IX,11.354934
Aug,2011,Region.IX,9.020645
Sep,2011,Region.IX,8.644785
Oct,2011,Region.IX,4.272937
Nov,2011,Region.IX,4.174026
Dec,2011,Region.IX,15.33114
Jan,2012,Region.IX,1.965225
Feb,2012,Region.IX,13.386878
Mar,2012,Region.IX,15.682884
Apr,2012,Region.IX,17.628651
May,2012,Region.IX,16.402817
Jun,2012,Region.IX,13.503624
Jul,2012,Region.IX,4.202857
Aug,2012,Region.IX,4.027738
Sep,2012,Region.IX,19.068518
Oct,2012,Region.IX,3.015939
Nov,2012,Region.IX,11.460569
Dec,2012,Region.IX,12.161045
Jan,2013,Region.IX,20.516691
Feb,2013,Region.IX,21.511904
Mar,2013,Region.IX,17.818134
Apr,2013,Region.IX,2.698557
May,2013,Region.IX,2.985638
Jun,2013,Region.IX,18.047799
Jul,2013,Region.IX,4.612428
Aug,2013,Region.IX,9.875572
Sep,2013,Region.IX,7.598066
Oct,2013,Region.IX,17.741579
Nov,2013,Region.IX,15.540628
Dec,2013,Region.IX,21.205685
Jan,2014,Region.IX,1.995847
Feb,2014,Region.IX,1.788731
Mar,2014,Region.IX,11.108958
Apr,2014,Region.IX,4.029351
May,2014,Region.IX,7.249066
Jun,2014,Region.IX,4.142323
Jul,2014,Region.IX,11.429047
Aug,2014,Region.IX,13.048319
Sep,2014,Region.IX,13.443722
Oct,2014,Region.IX,1.186211
Nov,2014,Region.IX,2.221792
Dec,2014,Region.IX,4.895473
Jan,2015,Region.IX,2.353304
Feb,2015,Region.IX,9.227916
Mar,2015,Region.IX,3.650401
Apr,2015,Region.IX,11.840639
May,2015,Region.IX,11.155031
Jun,2015,Region.IX,11.062381
Jul,2015,Region.IX,1.408276
Aug,2015,Region.IX,2.538603
Sep,2015,Region.IX,2.038295
Oct,2015,Region.IX,2.316244
Nov,2015,Region.IX,11.080911
Dec,2015,Region.IX,3.76158
Jan,2016,Region.IX,8.975216
Feb,2016,Region.IX,9.175882
Mar,2016,Region.IX,10.288663
Apr,2016,Region.IX,1.824231
May,2016,Region.IX,3.009981
Jun,2016,Region.IX,0.693208
Jul,2016,Region.IX,1.076296
Aug,2016,Region.IX,8.13607
Sep,2016,Region.IX,3.721431
Oct,2016,Region.IX,4.797727
Nov,2016,Region.IX,5.928751
Dec,2016,Region.IX,7.771224
Jan,2008,Region.X,4.66066
Feb,2008,Region.X,2.458154
Mar,2008,Region.X,10.068598
Apr,2008,Region.X,5.624256
May,2008,Region.X,3.323424
Jun,2008,Region.X,12.546417
Jul,2008,Region.X,7.433457
Aug,2008,Region.X,17.502056
Sep,2008,Region.X,29.281529
Oct,2008,Region.X,2.851458
Nov,2008,Region.X,2.359828
Dec,2008,Region.X,8.49538
Jan,2009,Region.X,3.367244
Feb,2009,Region.X,3.347892
Mar,2009,Region.X,10.353307
Apr,2009,Region.X,6.192632
May,2009,Region.X,14.68815
Jun,2009,Region.X,23.648115
Jul,2009,Region.X,1.56751
Aug,2009,Region.X,3.13502
Sep,2009,Region.X,7.431159
Oct,2009,Region.X,2.573813
Nov,2009,Region.X,5.225033
Dec,2009,Region.X,7.121527
Jan,2010,Region.X,9.387252
Feb,2010,Region.X,11.158073
Mar,2010,Region.X,19.40286
Apr,2010,Region.X,1.142465
May,2010,Region.X,1.447122
Jun,2010,Region.X,4.893558
Jul,2010,Region.X,1.827944
Aug,2010,Region.X,5.388626
Sep,2010,Region.X,5.331502
Oct,2010,Region.X,7.464103
Nov,2010,Region.X,8.016295
Dec,2010,Region.X,15.175741
Jan,2011,Region.X,1.217518
Feb,2011,Region.X,1.367367
Mar,2011,Region.X,8.241664
Apr,2011,Region.X,2.65981
May,2011,Region.X,7.623539
Jun,2011,Region.X,7.848311
Jul,2011,Region.X,10.021114
Aug,2011,Region.X,7.82958
Sep,2011,Region.X,13.467627
Oct,2011,Region.X,1.741988
Nov,2011,Region.X,2.472499
Dec,2011,Region.X,17.363687
Jan,2012,Region.X,2.892544
Feb,2012,Region.X,10.925341
Mar,2012,Region.X,7.590625
Apr,2012,Region.X,20.671557
May,2012,Region.X,12.233435
Jun,2012,Region.X,21.50063
Jul,2012,Region.X,1.805537
Aug,2012,Region.X,5.324492
Sep,2012,Region.X,28.041095
Oct,2012,Region.X,2.855696
Nov,2012,Region.X,16.673582
Dec,2012,Region.X,9.746215
Jan,2013,Region.X,27.110255
Feb,2013,Region.X,19.4266
Mar,2013,Region.X,42.586297
Apr,2013,Region.X,1.630965
May,2013,Region.X,6.831929
Jun,2013,Region.X,22.181118
Jul,2013,Region.X,4.711675
Aug,2013,Region.X,28.233809
Sep,2013,Region.X,6.922538
Oct,2013,Region.X,29.33924
Nov,2013,Region.X,18.611118
Dec,2013,Region.X,58.098582
Jan,2014,Region.X,1.247983
Feb,2014,Region.X,4.902792
Mar,2014,Region.X,14.940144
Apr,2014,Region.X,4.849307
May,2014,Region.X,16.241612
Jun,2014,Region.X,12.283722
Jul,2014,Region.X,28.650133
Aug,2014,Region.X,19.111974
Sep,2014,Region.X,41.967899
Oct,2014,Region.X,1.158842
Nov,2014,Region.X,2.192885
Dec,2014,Region.X,8.646742
Jan,2015,Region.X,2.351086
Feb,2015,Region.X,7.649803
Mar,2015,Region.X,7.491894
Apr,2015,Region.X,27.581401
May,2015,Region.X,19.528053
Jun,2015,Region.X,26.686584
Jul,2015,Region.X,0.929907
Aug,2015,Region.X,6.175988
Sep,2015,Region.X,5.01799
Oct,2015,Region.X,2.000178
Nov,2015,Region.X,9.228891
Dec,2015,Region.X,5.403989
Jan,2016,Region.X,25.356848
Feb,2016,Region.X,20.4513
Mar,2016,Region.X,19.743105
Apr,2016,Region.X,0.276369
May,2016,Region.X,2.331863
Jun,2016,Region.X,1.848217
Jul,2016,Region.X,1.330025
Aug,2016,Region.X,5.510105
Sep,2016,Region.X,6.460124
Oct,2016,Region.X,12.954793
Nov,2016,Region.X,18.948544
Dec,2016,Region.X,15.442113
Jan,2008,Region.XI,3.95752
Feb,2008,Region.XI,5.597063
Mar,2008,Region.XI,9.40382
Apr,2008,Region.XI,4.975168
May,2008,Region.XI,8.913842
Jun,2008,Region.XI,13.775937
Jul,2008,Region.XI,10.21417
Aug,2008,Region.XI,8.065802
Sep,2008,Region.XI,15.3401
Oct,2008,Region.XI,3.655994
Nov,2008,Region.XI,4.183664
Dec,2008,Region.XI,8.574626
Jan,2009,Region.XI,3.801753
Feb,2009,Region.XI,8.77185
Mar,2009,Region.XI,25.610835
Apr,2009,Region.XI,7.677687
May,2009,Region.XI,6.806066
Jun,2009,Region.XI,13.389589
Jul,2009,Region.XI,3.041403
Aug,2009,Region.XI,4.821736
Sep,2009,Region.XI,7.4366
Oct,2009,Region.XI,4.376652
Nov,2009,Region.XI,9.532201
Dec,2009,Region.XI,24.071589
Jan,2010,Region.XI,5.912095
Feb,2010,Region.XI,3.503464
Mar,2010,Region.XI,11.550482
Apr,2010,Region.XI,3.612947
May,2010,Region.XI,4.926746
Jun,2010,Region.XI,4.762521
Jul,2010,Region.XI,4.470566
Aug,2010,Region.XI,10.236683
Sep,2010,Region.XI,14.652507
Oct,2010,Region.XI,5.127465
Nov,2010,Region.XI,3.320992
Dec,2010,Region.XI,10.692863
Jan,2011,Region.XI,3.877223
Feb,2011,Region.XI,4.613177
Mar,2011,Region.XI,8.54425
Apr,2011,Region.XI,4.308025
May,2011,Region.XI,16.926949
Jun,2011,Region.XI,14.324184
Jul,2011,Region.XI,8.292949
Aug,2011,Region.XI,3.661821
Sep,2011,Region.XI,10.15976
Oct,2011,Region.XI,5.420932
Nov,2011,Region.XI,8.149348
Dec,2011,Region.XI,21.414475
Jan,2012,Region.XI,5.596859
Feb,2012,Region.XI,25.247661
Mar,2012,Region.XI,14.689548
Apr,2012,Region.XI,16.808233
May,2012,Region.XI,6.091219
Jun,2012,Region.XI,21.010291
Jul,2012,Region.XI,7.256496
Aug,2012,Region.XI,6.232465
Sep,2012,Region.XI,39.230981
Oct,2012,Region.XI,9.904852
Nov,2012,Region.XI,24.082384
Dec,2012,Region.XI,22.228535
Jan,2013,Region.XI,26.292546
Feb,2013,Region.XI,9.829314
Mar,2013,Region.XI,37.406965
Apr,2013,Region.XI,6.199762
May,2013,Region.XI,6.824948
Jun,2013,Region.XI,30.877244
Jul,2013,Region.XI,9.759849
Aug,2013,Region.XI,20.318546
Sep,2013,Region.XI,19.69336
Oct,2013,Region.XI,24.104395
Nov,2013,Region.XI,8.787337
Dec,2013,Region.XI,37.910587
Jan,2014,Region.XI,5.689311
Feb,2014,Region.XI,7.790769
Mar,2014,Region.XI,18.17846
Apr,2014,Region.XI,7.466153
May,2014,Region.XI,15.068987
Jun,2014,Region.XI,17.221699
Jul,2014,Region.XI,15.974493
Aug,2014,Region.XI,8.029959
Sep,2014,Region.XI,18.127205
Oct,2014,Region.XI,5.330526
Nov,2014,Region.XI,7.141538
Dec,2014,Region.XI,7.978704
Jan,2015,Region.XI,6.624678
Feb,2015,Region.XI,15.233396
Mar,2015,Region.XI,10.458248
Apr,2015,Region.XI,12.257335
May,2015,Region.XI,7.801651
Jun,2015,Region.XI,14.409515
Jul,2015,Region.XI,4.90966
Aug,2015,Region.XI,4.707893
Sep,2015,Region.XI,4.052151
Oct,2015,Region.XI,6.2884
Nov,2015,Region.XI,11.685663
Dec,2015,Region.XI,7.162723
Jan,2016,Region.XI,9.683444
Feb,2016,Region.XI,9.20341
Mar,2016,Region.XI,13.391293
Apr,2016,Region.XI,2.996074
May,2016,Region.XI,8.590953
Jun,2016,Region.XI,1.787713
Jul,2016,Region.XI,5.677643
Aug,2016,Region.XI,11.520816
Sep,2016,Region.XI,9.83242
Oct,2016,Region.XI,7.20051
Nov,2016,Region.XI,12.8616
Dec,2016,Region.XI,11.553921
Jan,2008,Region.XII,3.083831
Feb,2008,Region.XII,4.524305
Mar,2008,Region.XII,10.732544
Apr,2008,Region.XII,5.132956
May,2008,Region.XII,3.205561
Jun,2008,Region.XII,14.790216
Jul,2008,Region.XII,11.381771
Aug,2008,Region.XII,9.089186
Sep,2008,Region.XII,25.218435
Oct,2008,Region.XII,3.205561
Nov,2008,Region.XII,4.037384
Dec,2008,Region.XII,10.022451
Jan,2009,Region.XII,4.132792
Feb,2009,Region.XII,3.913175
Mar,2009,Region.XII,17.289847
Apr,2009,Region.XII,8.844575
May,2009,Region.XII,10.641441
Jun,2009,Region.XII,19.066748
Jul,2009,Region.XII,3.493907
Aug,2009,Region.XII,5.051191
Sep,2009,Region.XII,12.039004
Oct,2009,Region.XII,3.633663
Nov,2009,Region.XII,5.250843
Dec,2009,Region.XII,21.0433
Jan,2010,Region.XII,11.000884
Feb,2010,Region.XII,11.550928
Mar,2010,Region.XII,15.165504
Apr,2010,Region.XII,2.376977
May,2010,Region.XII,4.989687
Jun,2010,Region.XII,9.802573
Jul,2010,Region.XII,3.418132
Aug,2010,Region.XII,6.659464
Sep,2010,Region.XII,19.349769
Oct,2010,Region.XII,9.115018
Nov,2010,Region.XII,8.800707
Dec,2010,Region.XII,12.788528
Jan,2011,Region.XII,2.570169
Feb,2011,Region.XII,5.797375
Mar,2011,Region.XII,14.763981
Apr,2011,Region.XII,5.005067
May,2011,Region.XII,11.246907
Jun,2011,Region.XII,24.967361
Jul,2011,Region.XII,13.063418
Aug,2011,Region.XII,9.913511
Sep,2011,Region.XII,14.203568
Oct,2011,Region.XII,3.343153
Nov,2011,Region.XII,9.159852
Dec,2011,Region.XII,27.035091
Jan,2012,Region.XII,6.918781
Feb,2012,Region.XII,11.11947
Mar,2012,Region.XII,31.248563
Apr,2012,Region.XII,15.928404
May,2012,Region.XII,15.814358
Jun,2012,Region.XII,28.188332
Jul,2012,Region.XII,2.318932
Aug,2012,Region.XII,8.819546
Sep,2012,Region.XII,40.600322
Oct,2012,Region.XII,6.253514
Nov,2012,Region.XII,9.579851
Dec,2012,Region.XII,42.196964
Jan,2013,Region.XII,16.377741
Feb,2013,Region.XII,24.604004
Mar,2013,Region.XII,56.518163
Apr,2013,Region.XII,0.953499
May,2013,Region.XII,6.543618
Jun,2013,Region.XII,35.859027
Jul,2013,Region.XII,6.824059
Aug,2013,Region.XII,7.927126
Sep,2013,Region.XII,27.913205
Oct,2013,Region.XII,17.088191
Nov,2013,Region.XII,23.089623
Dec,2013,Region.XII,52.909825
Jan,2014,Region.XII,0.202326
Feb,2014,Region.XII,5.150112
Mar,2014,Region.XII,17.400021
Apr,2014,Region.XII,4.837427
May,2014,Region.XII,7.265337
Jun,2014,Region.XII,20.545268
Jul,2014,Region.XII,10.999168
Aug,2014,Region.XII,16.075707
Sep,2014,Region.XII,41.881446
Oct,2014,Region.XII,0.073573
Nov,2014,Region.XII,3.549899
Dec,2014,Region.XII,6.180134
Jan,2015,Region.XII,2.75141
Feb,2015,Region.XII,7.946507
Mar,2015,Region.XII,11.114249
Apr,2015,Region.XII,9.55753
May,2015,Region.XII,16.88859
Jun,2015,Region.XII,35.279594
Jul,2015,Region.XII,0.072406
Aug,2015,Region.XII,2.35318
Sep,2015,Region.XII,3.52977
Oct,2015,Region.XII,1.737733
Nov,2015,Region.XII,6.082064
Dec,2015,Region.XII,8.923981
Jan,2016,Region.XII,8.357762
Feb,2016,Region.XII,15.325534
Mar,2016,Region.XII,32.540029
Apr,2016,Region.XII,0.01782
May,2016,Region.XII,2.174087
Jun,2016,Region.XII,2.102806
Jul,2016,Region.XII,1.621655
Aug,2016,Region.XII,6.272777
Sep,2016,Region.XII,9.925956
Oct,2016,Region.XII,5.702524
Nov,2016,Region.XII,17.927311
Dec,2016,Region.XII,26.445456
Jan,2008,ARMM,0.682832
Feb,2008,ARMM,0.707219
Mar,2008,ARMM,1.390052
Apr,2008,ARMM,0.999862
May,2008,ARMM,0.804767
Jun,2008,ARMM,0.85354
Jul,2008,ARMM,1.121796
Aug,2008,ARMM,1.999723
Sep,2008,ARMM,3.170293
Oct,2008,ARMM,0.829154
Nov,2008,ARMM,0.585285
Dec,2008,ARMM,1.365665
Jan,2009,ARMM,0.839944
Feb,2009,ARMM,0.911939
Mar,2009,ARMM,0.59996
Apr,2009,ARMM,1.439904
May,2009,ARMM,2.159856
Jun,2009,ARMM,2.615826
Jul,2009,ARMM,0.45597
Aug,2009,ARMM,0.479968
Sep,2009,ARMM,1.79988
Oct,2009,ARMM,0.623958
Nov,2009,ARMM,0.551963
Dec,2009,ARMM,0.575962
Jan,2010,ARMM,0.920902
Feb,2010,ARMM,2.077932
Mar,2010,ARMM,2.621028
Apr,2010,ARMM,0.708386
May,2010,ARMM,0.306967
Jun,2010,ARMM,1.416772
Jul,2010,ARMM,0.425032
Aug,2010,ARMM,1.180643
Sep,2010,ARMM,1.015353
Oct,2010,ARMM,1.416772
Nov,2010,ARMM,1.723739
Dec,2010,ARMM,3.046059
Jan,2011,ARMM,0.882679
Feb,2011,ARMM,0.696852
Mar,2011,ARMM,2.717723
Apr,2011,ARMM,0.58071
May,2011,ARMM,1.509846
Jun,2011,ARMM,1.254334
Jul,2011,ARMM,2.485439
Aug,2011,ARMM,1.509846
Sep,2011,ARMM,3.553945
Oct,2011,ARMM,0.650395
Nov,2011,ARMM,1.207877
Dec,2011,ARMM,4.413396
Jan,2012,ARMM,0.548338
Feb,2012,ARMM,2.239049
Mar,2012,ARMM,1.233761
Apr,2012,ARMM,3.609895
May,2012,ARMM,2.513218
Jun,2012,ARMM,7.539653
Jul,2012,ARMM,0.845355
Aug,2012,ARMM,1.622168
Sep,2012,ARMM,4.912198
Oct,2012,ARMM,0.479796
Nov,2012,ARMM,3.678437
Dec,2012,ARMM,1.005287
Jan,2013,ARMM,4.96651
Feb,2013,ARMM,3.393407
Mar,2013,ARMM,9.416143
Apr,2013,ARMM,0.314621
May,2013,ARMM,0.809024
Jun,2013,ARMM,1.056226
Jul,2013,ARMM,0.651714
Aug,2013,ARMM,6.247465
Sep,2013,ARMM,0.741606
Oct,2013,ARMM,5.595751
Nov,2013,ARMM,2.022561
Dec,2013,ARMM,7.955405
Jan,2014,ARMM,0.397961
Feb,2014,ARMM,1.2381
Mar,2014,ARMM,0.729595
Apr,2014,ARMM,0.176871
May,2014,ARMM,5.858868
Jun,2014,ARMM,0.464288
Jul,2014,ARMM,3.869064
Aug,2014,ARMM,1.835042
Sep,2014,ARMM,5.549343
Oct,2014,ARMM,0.110545
Nov,2014,ARMM,0.729595
Dec,2014,ARMM,0.795922
Jan,2015,ARMM,0.413404
Feb,2015,ARMM,3.698876
Mar,2015,ARMM,0.369888
Apr,2015,ARMM,2.502181
May,2015,ARMM,2.045261
Jun,2015,ARMM,3.720634
Jul,2015,ARMM,0.065274
Aug,2015,ARMM,0.674501
Sep,2015,ARMM,0.56571
Oct,2015,ARMM,0.413404
Nov,2015,ARMM,3.698876
Dec,2015,ARMM,0.522194
Jan,2016,ARMM,3.491515
Feb,2016,ARMM,1.90641
Mar,2016,ARMM,4.155545
Apr,2016,ARMM,0.192783
May,2016,ARMM,0.235624
Jun,2016,ARMM,0.385566
Jul,2016,ARMM,0.299885
Aug,2016,ARMM,2.313396
Sep,2016,ARMM,0.535508
Oct,2016,ARMM,2.313396
Nov,2016,ARMM,2.270556
Dec,2016,ARMM,3.427254
Jan,2008,CAR,2.998891
Feb,2008,CAR,3.427304
Mar,2008,CAR,4.391233
Apr,2008,CAR,6.640401
May,2008,CAR,11.888461
Jun,2008,CAR,12.477528
Jul,2008,CAR,10.817428
Aug,2008,CAR,10.335463
Sep,2008,CAR,31.64901
Oct,2008,CAR,2.62403
Nov,2008,CAR,1.98141
Dec,2008,CAR,4.819646
Jan,2009,CAR,5.902239
Feb,2009,CAR,6.060335
Mar,2009,CAR,9.485741
Apr,2009,CAR,7.588593
May,2009,CAR,6.745416
Jun,2009,CAR,17.97021
Jul,2009,CAR,2.793024
Aug,2009,CAR,2.002545
Sep,2009,CAR,4.690172
Oct,2009,CAR,4.584775
Nov,2009,CAR,4.742871
Dec,2009,CAR,6.165732
Jan,2010,CAR,4.511119
Feb,2010,CAR,4.718527
Mar,2010,CAR,11.614835
Apr,2010,CAR,1.296299
May,2010,CAR,2.177782
Jun,2010,CAR,3.422228
Jul,2010,CAR,3.525932
Aug,2010,CAR,4.303711
Sep,2010,CAR,7.46668
Oct,2010,CAR,3.525932
Nov,2010,CAR,5.392602
Dec,2010,CAR,13.481505
Jan,2011,CAR,1.428216
Feb,2011,CAR,2.193331
Mar,2011,CAR,8.722318
Apr,2011,CAR,3.468524
May,2011,CAR,9.232395
Jun,2011,CAR,17.342621
Jul,2011,CAR,7.498133
Aug,2011,CAR,8.518287
Sep,2011,CAR,26.473001
Oct,2011,CAR,4.23364
Nov,2011,CAR,8.263249
Dec,2011,CAR,27.544162
Jan,2012,CAR,16.857501
Feb,2012,CAR,32.661408
Mar,2012,CAR,79.471076
Apr,2012,CAR,7.124301
May,2012,CAR,41.842726
Jun,2012,CAR,80.123301
Jul,2012,CAR,6.62259
Aug,2012,CAR,16.405961
Sep,2012,CAR,67.480175
Oct,2012,CAR,39.83588
Nov,2012,CAR,65.573672
Dec,2012,CAR,106.21229
Jan,2013,CAR,15.59418
Feb,2013,CAR,80.586381
Mar,2013,CAR,124.161258
Apr,2013,CAR,5.724446
May,2013,CAR,23.095178
Jun,2013,CAR,107.826847
Jul,2013,CAR,74.023007
Aug,2013,CAR,66.916799
Sep,2013,CAR,83.053814
Oct,2013,CAR,17.46943
Nov,2013,CAR,109.109913
Dec,2013,CAR,114.883707
Jan,2014,CAR,2.57312
Feb,2014,CAR,19.516875
Mar,2014,CAR,51.559505
Apr,2014,CAR,45.442276
May,2014,CAR,44.908232
Jun,2014,CAR,50.151571
Jul,2014,CAR,17.526348
Aug,2014,CAR,89.913563
Sep,2014,CAR,58.404976
Oct,2014,CAR,0.048549
Nov,2014,CAR,7.622262
Dec,2014,CAR,20.050919
Jan,2015,CAR,13.760357
Feb,2015,CAR,20.927209
Mar,2015,CAR,33.158637
Apr,2015,CAR,12.183649
May,2015,CAR,72.002978
Jun,2015,CAR,27.18626
Jul,2015,CAR,0
Aug,2015,CAR,3.057857
Sep,2015,CAR,8.456886
Oct,2015,CAR,12.183649
Nov,2015,CAR,11.036953
Dec,2015,CAR,21.83501
Jan,2016,CAR,14.581579
Feb,2016,CAR,44.59141
Mar,2016,CAR,10.677479
Apr,2016,CAR,0
May,2016,CAR,2.116681
Jun,2016,CAR,3.621876
Jul,2016,CAR,5.973744
Aug,2016,CAR,7.149678
Sep,2016,CAR,6.39708
Oct,2016,CAR,9.219321
Nov,2016,CAR,34.572454
Dec,2016,CAR,5.597445
Jan,2008,CARAGA,2.769993
Feb,2008,CARAGA,2.947556
Mar,2008,CARAGA,13.992014
Apr,2008,CARAGA,5.113832
May,2008,CARAGA,5.291396
Jun,2008,CARAGA,13.352785
Jul,2008,CARAGA,16.690981
Aug,2008,CARAGA,18.715206
Sep,2008,CARAGA,40.484507
Oct,2008,CARAGA,1.811149
Nov,2008,CARAGA,1.882174
Dec,2008,CARAGA,10.369716
Jan,2009,CARAGA,3.774279
Feb,2009,CARAGA,3.914067
Mar,2009,CARAGA,12.895452
Apr,2009,CARAGA,12.580929
May,2009,CARAGA,13.175028
Jun,2009,CARAGA,25.860798
Jul,2009,CARAGA,1.572616
Aug,2009,CARAGA,3.075338
Sep,2009,CARAGA,9.50559
Oct,2009,CARAGA,2.690921
Nov,2009,CARAGA,3.949014
Dec,2009,CARAGA,12.371246
Jan,2010,CARAGA,11.656715
Feb,2010,CARAGA,8.974639
Mar,2010,CARAGA,20.356269
Apr,2010,CARAGA,1.47858
May,2010,CARAGA,2.063135
Jun,2010,CARAGA,6.670804
Jul,2010,CARAGA,3.060317
Aug,2010,CARAGA,2.406991
Sep,2010,CARAGA,8.286927
Oct,2010,CARAGA,15.370359
Nov,2010,CARAGA,5.742393
Dec,2010,CARAGA,15.43913
Jan,2011,CARAGA,0.980946
Feb,2011,CARAGA,3.247269
Mar,2011,CARAGA,5.716547
Apr,2011,CARAGA,1.826589
May,2011,CARAGA,3.687004
Jun,2011,CARAGA,9.065294
Jul,2011,CARAGA,23.441226
Aug,2011,CARAGA,6.79897
Sep,2011,CARAGA,17.014339
Oct,2011,CARAGA,1.623635
Nov,2011,CARAGA,3.111967
Dec,2011,CARAGA,9.369725
Jan,2012,CARAGA,2.328967
Feb,2012,CARAGA,5.855687
Mar,2012,CARAGA,10.912872
Apr,2012,CARAGA,32.239551
May,2012,CARAGA,8.983157
Jun,2012,CARAGA,23.622375
Jul,2012,CARAGA,1.696818
Aug,2012,CARAGA,3.16074
Sep,2012,CARAGA,10.813059
Oct,2012,CARAGA,4.059056
Nov,2012,CARAGA,10.313995
Dec,2012,CARAGA,9.81493
Jan,2013,CARAGA,41.986872
Feb,2013,CARAGA,14.595592
Mar,2013,CARAGA,25.165943
Apr,2013,CARAGA,1.210845
May,2013,CARAGA,5.170636
Jun,2013,CARAGA,11.781196
Jul,2013,CARAGA,3.828889
Aug,2013,CARAGA,11.944823
Sep,2013,CARAGA,10.635802
Oct,2013,CARAGA,49.448296
Nov,2013,CARAGA,18.424481
Dec,2013,CARAGA,31.351071
Jan,2014,CARAGA,1.609777
Feb,2014,CARAGA,5.280067
Mar,2014,CARAGA,11.719174
Apr,2014,CARAGA,3.058576
May,2014,CARAGA,9.94842
Jun,2014,CARAGA,8.918162
Jul,2014,CARAGA,23.309566
Aug,2014,CARAGA,24.565191
Sep,2014,CARAGA,22.762241
Oct,2014,CARAGA,2.189296
Nov,2014,CARAGA,6.084956
Dec,2014,CARAGA,7.469364
Jan,2015,CARAGA,3.168463
Feb,2015,CARAGA,10.550983
Mar,2015,CARAGA,7.604312
Apr,2015,CARAGA,21.545551
May,2015,CARAGA,28.516171
Jun,2015,CARAGA,19.390996
Jul,2015,CARAGA,3.580364
Aug,2015,CARAGA,4.435849
Sep,2015,CARAGA,4.404164
Oct,2015,CARAGA,3.073409
Nov,2015,CARAGA,10.487614
Dec,2015,CARAGA,5.069541
Jan,2016,CARAGA,20.992741
Feb,2016,CARAGA,31.130395
Mar,2016,CARAGA,20.150536
Apr,2016,CARAGA,1.559639
May,2016,CARAGA,10.293618
Jun,2016,CARAGA,3.36882
Jul,2016,CARAGA,4.211025
Aug,2016,CARAGA,10.823895
Sep,2016,CARAGA,11.229401
Oct,2016,CARAGA,14.629414
Nov,2016,CARAGA,38.304735
Dec,2016,CARAGA,15.346848
Jan,2008,NCR,12.037927
Feb,2008,NCR,6.065511
Mar,2008,NCR,8.500309
Apr,2008,NCR,21.641057
May,2008,NCR,16.255857
Jun,2008,NCR,9.35965
Jul,2008,NCR,7.991866
Aug,2008,NCR,11.13562
Sep,2008,NCR,9.30236
Oct,2008,NCR,8.571921
Nov,2008,NCR,4.189285
Dec,2008,NCR,4.22509
Jan,2009,NCR,13.777076
Feb,2009,NCR,12.642493
Mar,2009,NCR,7.075286
Apr,2009,NCR,3.699726
May,2009,NCR,8.301481
Jun,2009,NCR,7.448782
Jul,2009,NCR,4.968204
Aug,2009,NCR,3.016158
Sep,2009,NCR,3.213477
Oct,2009,NCR,10.274668
Nov,2009,NCR,11.733418
Dec,2009,NCR,5.440359
Jan,2010,NCR,1.941487
Feb,2010,NCR,4.957727
Mar,2010,NCR,5.352958
Apr,2010,NCR,3.473876
May,2010,NCR,2.14257
Jun,2010,NCR,2.295116
Jul,2010,NCR,6.261297
Aug,2010,NCR,8.632685
Sep,2010,NCR,4.65957
Oct,2010,NCR,1.220364
Nov,2010,NCR,3.238124
Dec,2010,NCR,2.946901
Jan,2011,NCR,2.946666
Feb,2011,NCR,3.505987
Mar,2011,NCR,2.07358
Apr,2011,NCR,4.099413
May,2011,NCR,11.350122
Jun,2011,NCR,4.815616
Jul,2011,NCR,1.070895
Aug,2011,NCR,2.97395
Sep,2011,NCR,2.435092
Oct,2011,NCR,6.227561
Nov,2011,NCR,6.98469
Dec,2011,NCR,2.271388
Jan,2012,NCR,7.380028
Feb,2012,NCR,17.369902
Mar,2012,NCR,8.72856
Apr,2012,NCR,0.919149
May,2012,NCR,4.756763
Jun,2012,NCR,3.233794
Jul,2012,NCR,10.010001
Aug,2012,NCR,10.848641
Sep,2012,NCR,10.291784
Oct,2012,NCR,15.404131
Nov,2012,NCR,34.142692
Dec,2012,NCR,22.274266
Jan,2013,NCR,2.580261
Feb,2013,NCR,12.439368
Mar,2013,NCR,9.22559
Apr,2013,NCR,13.574419
May,2013,NCR,11.687067
Jun,2013,NCR,31.504267
Jul,2013,NCR,37.535875
Aug,2013,NCR,39.990753
Sep,2013,NCR,25.22849
Oct,2013,NCR,5.800639
Nov,2013,NCR,22.140095
Dec,2013,NCR,17.335926
Jan,2014,NCR,12.211935
Feb,2014,NCR,11.608155
Mar,2014,NCR,43.712366
Apr,2014,NCR,31.636768
May,2014,NCR,33.149464
Jun,2014,NCR,24.534239
Jul,2014,NCR,6.862316
Aug,2014,NCR,37.557706
Sep,2014,NCR,17.990044
Oct,2014,NCR,9.115129
Nov,2014,NCR,12.075598
Dec,2014,NCR,27.721937
Jan,2015,NCR,19.301873
Feb,2015,NCR,27.026455
Mar,2015,NCR,19.23798
Apr,2015,NCR,8.970483
May,2015,NCR,38.616524
Jun,2015,NCR,14.66329
Jul,2015,NCR,7.91626
Aug,2015,NCR,7.277336
Sep,2015,NCR,19.953575
Oct,2015,NCR,11.845638
Nov,2015,NCR,15.806962
Dec,2015,NCR,13.851857
Jan,2016,NCR,9.196055
Feb,2016,NCR,21.864219
Mar,2016,NCR,13.674572
Apr,2016,NCR,4.132564
May,2016,NCR,5.541535
Jun,2016,NCR,0.05661
Jul,2016,NCR,7.982075
Aug,2016,NCR,10.126983
Sep,2016,NCR,9.900541
Oct,2016,NCR,8.460119
Nov,2016,NCR,7.541772
Dec,2016,NCR,7.831114
